<?xml version="1.0" ?>
<LOG_ROOT>
	<PROJECT NAME="psk">
		<CBX_INST_ENTRY INSTANCE_NAME="|psk|lpm_mult:Mult0" CBX_FILE_NAME="mult_36t.tdf"/>
		<CBX_INST_ENTRY INSTANCE_NAME="|psk|nco:nco_inst|nco_st:nco_st_inst|asj_dxx:ux002|lpm_add_sub:ux014" CBX_FILE_NAME="add_sub_vth.tdf"/>
		<CBX_INST_ENTRY INSTANCE_NAME="|psk|nco:nco_inst|nco_st:nco_st_inst|asj_nco_as_m_cen:ux0121|altsyncram:altsyncram_component0" CBX_FILE_NAME="altsyncram_aq81.tdf"/>
		<CBX_INST_ENTRY INSTANCE_NAME="|psk|nco:nco_inst|nco_st:nco_st_inst|asj_altqmcpipe:ux000|lpm_add_sub:acc" CBX_FILE_NAME="add_sub_v4i.tdf"/>
		<CBX_INST_ENTRY INSTANCE_NAME="|psk|nco:nco_inst|nco_st:nco_st_inst|asj_nco_as_m_cen:ux0120|altsyncram:altsyncram_component0" CBX_FILE_NAME="altsyncram_fq81.tdf"/>
		<CBX_INST_ENTRY INSTANCE_NAME="|psk|nco:nco_inst|nco_st:nco_st_inst|asj_nco_isdr:ux710isdr|lpm_counter:lpm_counter_component" CBX_FILE_NAME="cntr_ori.tdf"/>
		<CBX_INST_ENTRY INSTANCE_NAME="|psk|pllx4:pllx4_inst|altpll:altpll_component" CBX_FILE_NAME="pllx4_altpll.v"/>
	</PROJECT>
</LOG_ROOT>
